Workbook

Sheet Données
A1: ID Étudiant | B1: Filière | C1: Salle | D1: Type d'Incident | E1: Durée (min) | F1: Nb Tentatives | G1: Note Initiale | H1: Note Finale | I1: Impact
A2: 240001 | B2: DSI | C2: 102 | D2: Coupure Wi-Fi totale | E2: 22 | F2: 4 | G2: 13.8 | H2: 10 | I2: =G2-H2 -> 3.8
A3: 240002 | B3: DSI | C3: 303 | D3: Coupure Wi-Fi totale | E3: 42 | F3: 7 | G3: 12.3 | H3: 11.4 | I3: =G3-H3 -> 0.9
A4: 240003 | B4: RSS | C4: 303 | D4: Déconnexion répétée | E4: 6 | F4: 4 | G4: 17.7 | H4: 14 | I4: =G4-H4 -> 3.7
A5: 240004 | B5: DWM | C5: 201 | D5: Latence élevée | E5: 42 | F5: 5 | G5: 18.5 | H5: 18 | I5: =G5-H5 -> 0.5
A6: 240005 | B6: RSS | C6: 301 | D6: DNS indisponible | E6: 22 | F6: 3 | G6: 13.7 | H6: 9.8 | I6: =G6-H6 -> 3.9
A7: 240006 | B7: RSS | C7: 102 | D7: Latence élevée | E7: 11 | F7: 6 | G7: 18.8 | H7: 15.6 | I7: =G7-H7 -> 3.2
A8: 240007 | B8: RSS | C8: 302 | D8: Déconnexion répétée | E8: 12 | F8: 7 | G8: 12.6 | H8: 10.8 | I8: =G8-H8 -> 1.8
A9: 240008 | B9: DSI | C9: 203 | D9: Déconnexion répétée | E9: 17 | F9: 2 | G9: 12.4 | H9: 10.9 | I9: =G9-H9 -> 1.5
A10: 240009 | B10: DWM | C10: 102 | D10: Connexion instable | E10: 11 | F10: 7 | G10: 14.2 | H10: 10.8 | I10: =G10-H10 -> 3.4
A11: 240010 | B11: DWM | C11: 103 | D11: DNS indisponible | E11: 27 | F11: 4 | G11: 17.4 | H11: 13.7 | I11: =G11-H11 -> 3.7
A12: 240011 | B12: DSI | C12: 102 | D12: Déconnexion répétée | E12: 45 | F12: 3 | G12: 16.3 | H12: 14.7 | I12: =G12-H12 -> 1.6
A13: 240012 | B13: DWM | C13: 301 | D13: DNS indisponible | E13: 45 | F13: 4 | G13: 17.5 | H13: 13.2 | I13: =G13-H13 -> 4.3
... A21: 240020 | B21: DWM | C21: 101 | D21: DNS indisponible | E21: 37 | F21: 3 | G21: 16.1 | H21: 15.1 | I21: =G21-H21 -> 1

Sheet Analyse
A1: 📈 PARTIE 2 – ANALYSE DES INCIDENTS (Questions 1 à 6)
A3: Q1 – Durée moyenne des coupures
A4: Durée moyenne des coupures (minutes) | B4: =AVERAGE(Données!E2:E21) -> 27.45
A6: Q2 – Durée minimale et maximale
A7: Durée minimale (minutes) | B7: =MIN(Données!E2:E21) -> 6
A8: Durée maximale (minutes) | B8: =MAX(Données!E2:E21) -> 45
A10: Nombre total d'incidents par type
A11: Type d'Incident | B11: Nb Incidents
A12: Coupure Wi-Fi totale | B12: =COUNTIF(Données!D$2:D$21,A12) -> 3
A13: Connexion instable | B13: =COUNTIF(Données!D$2:D$21,A13) -> 4
A14: DNS indisponible | B14: =COUNTIF(Données!D$2:D$21,A14) -> 5
A15: Latence élevée | B15: =COUNTIF(Données!D$2:D$21,A15) -> 3
A16: Déconnexion répétée | B16: =COUNTIF(Données!D$2:D$21,A16) -> 5
A18: Salle ayant le plus d'incidents
A19: Salle | B19: Nb Incidents
A20: 101 | B20: =COUNTIF(Données!C$2:C$21,A20) -> 1
A21: 102 | B21: =COUNTIF(Données!C$2:C$21,A21) -> 6
A22: 103 | B22: =COUNTIF(Données!C$2:C$21,A22) -> 1
A23: 201 | B23: =COUNTIF(Données!C$2:C$21,A23) -> 2
A24: 202 | B24: =COUNTIF(Données!C$2:C$21,A24) -> 1
A25: 203 | B25: =COUNTIF(Données!C$2:C$21,A25) -> 2
A26: 301 | B26: =COUNTIF(Données!C$2:C$21,A26) -> 4
A27: 302 | B27: =COUNTIF(Données!C$2:C$21,A27) -> 1
A28: 303 | B28: =COUNTIF(Données!C$2:C$21,A28) -> 2
A30: 🏆 Salle la plus touchée | B30: =INDEX(A20:A28,MATCH(MAX(B20:B28),B20:B28,0)) -> 102
A32: Impact moyen sur les notes
A33: Impact moyen sur les notes | B33: =AVERAGE(Données!I2:I21) -> 2.56
A35: Étudiants ayant perdu plus de 2 points
A36: Nombre d'étudiants avec Impact > 2 points | B36: =COUNTIF(Données!I2:I21,">2") -> 12

Sheet Gravité & Filtre
A1: ID Étudiant | B1: Filière | C1: Salle | D1: Type d'Incident | E1: Durée (min) | F1: Nb Tentatives | G1: Note Initiale | H1: Note Finale | I1: Impact | J1: Gravité
A2: 240001 | B2: DSI | C2: 102 | D2: Coupure Wi-Fi totale | E2: 22 | F2: 4 | G2: 13.8 | H2: 10 | I2: =G2-H2 -> 3.8 | J2: =IF(I2<=1,"Faible",IF(AND(I2>=2,I2<=3),"Moyen","Élevé")) -> Élevé
A3: 240002 | B3: DSI | C3: 303 | D3: Coupure Wi-Fi totale | E3: 42 | F3: 7 | G3: 12.3 | H3: 11.4 | I3: =G3-H3 -> 0.9 | J3: =IF(I3<=1,"Faible",IF(AND(I3>=2,I3<=3),"Moyen","Élevé")) -> Faible
A4: 240003 | B4: RSS | C4: 303 | D4: Déconnexion répétée | E4: 6 | F4: 4 | G4: 17.7 | H4: 14 | I4: =G4-H4 -> 3.7 | J4: =IF(I4<=1,"Faible",IF(AND(I4>=2,I4<=3),"Moyen","Élevé")) -> Élevé
A5: 240004 | B5: DWM | C5: 201 | D5: Latence élevée | E5: 42 | F5: 5 | G5: 18.5 | H5: 18 | I5: =G5-H5 -> 0.5 | J5: =IF(I5<=1,"Faible",IF(AND(I5>=2,I5<=3),"Moyen","Élevé")) -> Faible
A6: 240005 | B6: RSS | C6: 301 | D6: DNS indisponible | E6: 22 | F6: 3 | G6: 13.7 | H6: 9.8 | I6: =G6-H6 -> 3.9 | J6: =IF(I6<=1,"Faible",IF(AND(I6>=2,I6<=3),"Moyen","Élevé")) -> Élevé
A7: 240006 | B7: RSS | C7: 102 | D7: Latence élevée | E7: 11 | F7: 6 | G7: 18.8 | H7: 15.6 | I7: =G7-H7 -> 3.2 | J7: =IF(I7<=1,"Faible",IF(AND(I7>=2,I7<=3),"Moyen","Élevé")) -> Élevé
A8: 240007 | B8: RSS | C8: 302 | D8: Déconnexion répétée | E8: 12 | F8: 7 | G8: 12.6 | H8: 10.8 | I8: =G8-H8 -> 1.8 | J8: =IF(I8<=1,"Faible",IF(AND(I8>=2,I8<=3),"Moyen","Élevé")) -> Élevé
A9: 240008 | B9: DSI | C9: 203 | D9: Déconnexion répétée | E9: 17 | F9: 2 | G9: 12.4 | H9: 10.9 | I9: =G9-H9 -> 1.5 | J9: =IF(I9<=1,"Faible",IF(AND(I9>=2,I9<=3),"Moyen","Élevé")) -> Élevé
A10: 240009 | B10: DWM | C10: 102 | D10: Connexion instable | E10: 11 | F10: 7 | G10: 14.2 | H10: 10.8 | I10: =G10-H10 -> 3.4 | J10: =IF(I10<=1,"Faible",IF(AND(I10>=2,I10<=3),"Moyen","Élevé")) -> Élevé
A11: 240010 | B11: DWM | C11: 103 | D11: DNS indisponible | E11: 27 | F11: 4 | G11: 17.4 | H11: 13.7 | I11: =G11-H11 -> 3.7 | J11: =IF(I11<=1,"Faible",IF(AND(I11>=2,I11<=3),"Moyen","Élevé")) -> Élevé
A12: 240011 | B12: DSI | C12: 102 | D12: Déconnexion répétée | E12: 45 | F12: 3 | G12: 16.3 | H12: 14.7 | I12: =G12-H12 -> 1.6 | J12: =IF(I12<=1,"Faible",IF(AND(I12>=2,I12<=3),"Moyen","Élevé")) -> Élevé
A13: 240012 | B13: DWM | C13: 301 | D13: DNS indisponible | E13: 45 | F13: 4 | G13: 17.5 | H13: 13.2 | I13: =G13-H13 -> 4.3 | J13: =IF(I13<=1,"Faible",IF(AND(I13>=2,I13<=3),"Moyen","Élevé")) -> Élevé
... A21: 240020 | B21: DWM | C21: 101 | D21: DNS indisponible | E21: 37 | F21: 3 | G21: 16.1 | H21: 15.1 | I21: =G21-H21 -> 1 | J21: =IF(I21<=1,"Faible",IF(AND(I21>=2,I21<=3),"Moyen","Élevé")) -> Faible

Sheet TCD – Q9
A1: Nombre d'incidents par Salle | E1: Impact moyen par Filière
A2: Salle | B2: Nb Incidents | C2: % du Total | E2: Filière | F2: Impact Moyen | G2: Nb Étudiants
A3: 101 | B3: =COUNTIF(Données!C$2:C$21,A3) -> 1 | C3: =B3/COUNTA(Données!C$2:C$21) -> 0.05 | E3: RSS | F3: =AVERAGEIF(Données!B$2:B$21,E3,Données!I$2:I$21) -> 2.9111111 | G3: =COUNTIF(Données!B$2:B$21,E3) -> 9
A4: 102 | B4: =COUNTIF(Données!C$2:C$21,A4) -> 6 | C4: =B4/COUNTA(Données!C$2:C$21) -> 0.3 | E4: DWM | F4: =AVERAGEIF(Données!B$2:B$21,E4,Données!I$2:I$21) -> 2.58 | G4: =COUNTIF(Données!B$2:B$21,E4) -> 5
A5: 103 | B5: =COUNTIF(Données!C$2:C$21,A5) -> 1 | C5: =B5/COUNTA(Données!C$2:C$21) -> 0.05 | E5: DSI | F5: =AVERAGEIF(Données!B$2:B$21,E5,Données!I$2:I$21) -> 2.0166667 | G5: =COUNTIF(Données!B$2:B$21,E5) -> 6
A6: 201 | B6: =COUNTIF(Données!C$2:C$21,A6) -> 2 | C6: =B6/COUNTA(Données!C$2:C$21) -> 0.1 | E6: TOTAL | F6: =AVERAGE(Données!I2:I21) -> 2.56 | G6: =COUNTA(Données!A2:A21) -> 20
A7: 202 | B7: =COUNTIF(Données!C$2:C$21,A7) -> 1 | C7: =B7/COUNTA(Données!C$2:C$21) -> 0.05
A8: 301 | B8: =COUNTIF(Données!C$2:C$21,A8) -> 4 | C8: =B8/COUNTA(Données!C$2:C$21) -> 0.2
A9: 302 | B9: =COUNTIF(Données!C$2:C$21,A9) -> 1 | C9: =B9/COUNTA(Données!C$2:C$21) -> 0.05
A10: 303 | B10: =COUNTIF(Données!C$2:C$21,A10) -> 2 | C10: =B10/COUNTA(Données!C$2:C$21) -> 0.1
A11: TOTAL | B11: =SUM(B3:B10) -> 18 | C11: =SUM(C3:C10) -> 0.9

Sheet Graphique – Q10
A1: Type d'Incident | B1: Nombre d'Incidents
A2: Coupure Wi-Fi totale | B2: =COUNTIF(Données!D$2:D$21,A2) -> 3
A3: Connexion instable | B3: =COUNTIF(Données!D$2:D$21,A3) -> 4
A4: DNS indisponible | B4: =COUNTIF(Données!D$2:D$21,A4) -> 5
A5: Latence élevée | B5: =COUNTIF(Données!D$2:D$21,A5) -> 3
A6: Déconnexion répétée | B6: =COUNTIF(Données!D$2:D$21,A6) -> 5
